Public toilet,Hospital,Park,Shopping mall,Hotel,Restaurant,Petrol Station,Mosque,Others,Name of the Place,Latitude,Longitude,Location,Separate female washroom,Handicapped washroom facility,Kids Feeding corner ,Separate female prayer room,kids and women refreshing area,Others
,,,,,,,Yes ,,Gazir Darah Mosque.Jhikorgacha.Jashore,23.12046617,89.12879334,https://maps.app.goo.gl/3fe59bXb8qMbwt8k6,Yes ,,,,,
,,,,,,Yes,,,Dorgah filling station .Sadar.Jashore,23.12191318,89.13068183,https://maps.app.goo.gl/323qb8H5FaggrZVm9,Yes ,,,,,
,,,,,,,Yes ,,Natun hut bazar jame mosque .Jashore ,23.1266998,89.14071139,https://maps.app.goo.gl/kRoYk9yH56qTuzJcA,,,,,,
,,,,,,Yes ,,,Gulf Lubricants.Jashore ,23.04699424,88.82802304,https://maps.app.goo.gl/RGGY71H55c3pGjBeA,,,,,,
,,,,,,Yes,,,Malonchi bazar gas filling station .jashore ,23.06644716,88.92545071,https://maps.app.goo.gl/XGirDKKeAY4i7dQ46,Yes ,,,,,
,,,,,,,Yes ,,Central Jame mosque.Pulerhat,23.17291592,89.18920781,https://maps.app.goo.gl/pTedhjrbmK9UZAt29,,,,,,
,,,,,,Yes ,,,New Akij petrolium.Chachra pulerhat,23.1440469,89.19249948,https://maps.app.goo.gl/r3aZD2vHNGYakfew6,Yes ,,,,,
,,,,,,Yes ,,,BADC Mosque .Chachra.Jashore ,23.14626442,89.19548362,https://maps.app.goo.gl/M5vHLvNPrBEbtisy6,Yes ,,,Yes ,,
Yes ,,,,,,,,,Chachra checkpost.Jashore ,23.14418083,89.19601164,https://maps.app.goo.gl/ngV1cWcYjLgov7uz9,Yes ,,,,,
,,,,,,Yes ,,,Loujani bazar jame mosque.Jhikorgacha ,23.11847647,89.12276014,https://maps.app.goo.gl/bEcsWYTaNfSZo51P8,,,,,,
,,,,,,Yes ,,,Mollikpur jame mosque .Jhikorgacha ,23.11522916,89.12360113,https://maps.app.goo.gl/83FU6XoAx6sbFQx18,,,,,,
,,,,,,Yes ,,,Mollikpur gussogram jame mosque .Jhikorgacha ,23.11323907,89.12100505,https://maps.app.goo.gl/1jZGrkkojUumArVt8,,,,,,
,,,,,,Yes ,,,Kritipur jame masjid.Jhikorgacha ,23.10957246,89.11031944,https://maps.app.goo.gl/Ujq1B473eifCCe5i8,,,,,,
,Yes ,,,,,,,,Alimon Nessa diabetics hospital.Jhilkorgacha,23.10735594,89.10778724,https://maps.app.goo.gl/CAVoh9sRsBq7RoWn6,Yes ,,,,,
,,,,,,,,Yes ,Jhikorgacha darululum kamil madrasha ,23.10414644,89.10476772,https://maps.app.goo.gl/6jtT7Lj29etBYLwm6,Yes ,,,,,
,,,,,,,Yes ,,B.M high school mosque .Jhikorgacha ,23.10437783,89.10558314,https://maps.app.goo.gl/ipYirRWq7ojokWKn9,,,,,,
,,,,,,,,Yes ,Raju market bus counter.Jhikorgacha ,23.10188328,89.10054725,https://maps.app.goo.gl/dvjpAKaLfDF6y1WF7,,,,,,
,,,,,,Yes ,,,Morshad brother filling station.Jhikorgacha,23.10515968,89.1040119,https://maps.app.goo.gl/wDG2TKjeJurqJgr9A,Yes ,,,,,
,Yes ,,,,,,,,Jhikorgacha private clinic.Jhikorgacha,23.10096996,89.09906589,https://maps.app.goo.gl/xdmDAut5JyJKyxrX9,Yes ,Yes ,,Yes ,,
,,,,,,,,Yes ,Famous diagnosnis center.Jhikorgacha ,23.10400141,89.10331606,https://maps.app.goo.gl/1SB9qKwHUfZxYwYV9,Yes ,Yes ,,,,
,,,,,,,Yes ,,Charatola jame mosjid .Godkhaali,23.07218088,89.03335336,https://maps.app.goo.gl/zEeNc4LX13PnQAwj9,,,,,,
,Yes ,,,,,,,,Saleha Clilic and Diagnostic center.Jhikorgacha,23.09561763,89.09158497,https://maps.app.goo.gl/rZWn2WDR1voh1dde6,Yes ,Yes ,,,,
,,,Yes ,,,,,,Nishana shopping complex.Jhikorgacha ,23.101917,89.1011911,https://maps.app.goo.gl/6Zp7kvFsAXz6xQwW9,,,,,,
,,,,,,Yes ,,,Meherab filling station .Jhikorgacha ,23.08711441,89.06347989,https://maps.app.goo.gl/oPcXXZ2jr9ZL3Wxb7,Yes ,,,,,
,,,,,,,Yes ,,Balikhola jame mosque .Jhikorgacha ,23.09561643,89.07925688,https://maps.app.goo.gl/LeRTNBUocDbjoUv98,,,,,,
,,,,,,Yes ,,,Par bazar avotpoth jame mosjid.Jhikorgacha ,23.09970707,89.09956497,https://maps.app.goo.gl/aVepUX8AYKbwjXcu8,,,,,,
,,,,,,,Yes ,,Jhikorgacha bus stand jame mosque,23.10050274,89.09928069,https://maps.app.goo.gl/8UNir1zaH5wasnEv5,Yes ,,,,,
,,,,,Yes ,,,,Trisha Caf�.Beniali bazar.Godkhali,23.08066953,89.05836659,https://maps.app.goo.gl/RbQAs5xfaE4wM9MU7,,,,,,
,,,,,,Yes ,,,Molla filling station.Godkhali,23.1001857,89.10007459,https://maps.app.goo.gl/5uA2ZqXn7wXE9Zny5,Yes ,,,,,
,,,,,,Yes ,,,Mohitun filling station.kolagachi,23.07046285,89.02690327,https://maps.app.goo.gl/YUJ2qit7zu2zZCtSA,Yes ,,,,,
,,,,,,Yes ,,,Purbpara Jame mosque.Kolagachi,23.06512721,89.01911757,https://maps.app.goo.gl/GDwG17XXhbvzJAhU8,,,,,,
,,,,,,Yes ,,,Shahjahan filling station.Navaron,23.06380716,89.01737091,https://maps.app.goo.gl/HUAaZs8ea8RNdjRc9,Yes ,,,,,
,,,,,,Yes ,,,Faiyaz filling station.Navaror,23.06097193,89.0110598,https://maps.app.goo.gl/yNXy9JKfuKfJ7f6G9,,,,,,
,,,,,,Yes ,,,Darul kuran model jame mosque.Navaron,23.0622489,88.99844951,https://maps.app.goo.gl/99bHA6SjfjjKtf5n9,,,,,,
,,,,,,Yes ,,,Navaron kashari jame mosque,23.05841438,89.0012148,https://maps.app.goo.gl/wuhH3NEUHhe7toKt7,,,,,,
,Yes ,,,,,,,,Navaron city hospital,23.05851422,89.00061001,https://maps.app.goo.gl/eeD717fDBhHJ9PUr7,Yes ,Yes ,,,,
,,,,,,Yes ,,,Navaron Satkhira mor jame mosjid,23.05859386,88.99942074,https://maps.app.goo.gl/dR5HgE3R3AGP4WwW9,,,,,,
Yes ,,,,,,,,,Sharsha Bazar .Jashore,23.0576996,88.99212203,https://maps.app.goo.gl/QVNyKgw5o9fpHeoA7,Yes ,,,,,
,Yes ,,,,,,,,AC Lab clinic and diagnostic center.Navaron,23.05776444,88.99456247,https://maps.app.goo.gl/StGzyPA5nhGgiA6H7,Yes ,,,,,
,Yes ,,,,,,,,Sharsha upazilla health complex ,23.05432852,88.9893739,https://maps.app.goo.gl/6c1HC52V2oVi98T7A,Yes ,Yes ,Yes,,,
,Yes ,,,,,,,,Shaba Clinic and Diagnostic center.Sharsha,23.05859201,88.98819842,https://maps.app.goo.gl/A9Xh5GF7YwGTwp1t5,Yes ,,,,,
,,,,,,Yes ,,,Navara filling station.Sharsha,23.05802035,88.9867898,https://maps.app.goo.gl/1RVFfCacU4X3on5m7,Yes ,,,,,
,,,,,,,Yes,,Mosjid E Nur. Sharsha.Jashore,23.05665694,88.95987519,https://maps.app.goo.gl/ek7KdVgCPRQger438,,,,,,
,,,,,,Yes ,,,Shymoli filling station.Sharsha,23.05602013,88.96406012,https://maps.app.goo.gl/pCgxPvVSYRbWE9c19,Yes ,,,,,
,,,,,,,Yes,,Talshari jame mosque,23.04680291,88.90975411,https://maps.app.goo.gl/xnsRWcwUfHL1uAfb6,,,,,,
,,,,Yes ,,,,,Parjaton Motel Benapol,23.04615781,88.90822858,https://maps.app.goo.gl/USkFzPKEGSgruHWNA,Yes ,,,,,
,,,,,,,Yes ,,Benapol Bazar Jame Mosque,23.04578361,88.9025547,https://maps.app.goo.gl/sixj7Cg9AG5oAG949,,,,,,
,,,,,,,Yes ,,Baitul Aman Jame Mosque.Benapol,23.0410858,88.89020016,https://maps.app.goo.gl/MfRnypxBe6mEC4Ms9,,,,,,
,,,,,,,Yes ,,Noor Jame Mosque.Benapol,23.04898678,88.91551775,https://maps.app.goo.gl/k8nkXF746VahFPng9,,,,,,
,,,,,,Yes ,,,Shahjalal Filling Station .Benapol,23.04840685,88.91724083,https://maps.app.goo.gl/3qJs7wtuRaEMLuvHA,Yes ,,,,,
,,,,,,Yes ,,,M/S Benapol Filling Station,23.05054471,88.92545893,https://maps.app.goo.gl/v2EUYN9L6vMbgqxj9,,,,,,
,,,,,,Yes ,,,Benapol filling station,23.04604905,88.90768341,https://maps.app.goo.gl/dqfG5FEkqDtM1Ke48,Yes ,,,,,
Yes ,,,,,,,,,Benapol Bus Stand Public T oilet,23.046354,88.90606051,https://maps.app.goo.gl/tiwHBVGsKEuwSpWNA,Yes ,Yes ,,,,
,,,,,,,,Yes ,Shohag Paribahan.Benapol,23.04476156,88.89982557,https://maps.app.goo.gl/Zxz4Giv1WAGW38ic7,,,,,,
Yes ,,,,,,,,,Benapol Rent A Car Stand.Benapol,23.04431349,88.89936227,https://maps.app.goo.gl/AVcvFqmjMTgE6p8W8,Yes ,Yes ,,,,
Yes ,,,,,,,,,Benapol Bus Terminal Public T oilet,23.03938199,88.88613456,https://maps.app.goo.gl/RvGVwRCSg33j1ios5,Yes ,Yes ,,,,
,,,Yes,,,,,,Benapol diagnostic center.Benapol,23.04481214,88.90307318,https://maps.app.goo.gl/RgdBe28ykDsMs4kGA,Yes ,,Yes,,,
,Yes ,,,,,,,,Rahman Chamber ,23.04467248,88.90123497,https://maps.app.goo.gl/GySX423QLztrEH7b8,Yes ,,,Yes,,
,Yes ,,,,,,,,Baitul Aman Jame Mosque ,23.04106115,88.89025378,https://maps.app.goo.gl/NcppMK2WxjE49NvZ8,,,,,,
,,,,,,,,Yes ,Green Line Counter.Benapol,23.03964791,88.88578958,https://maps.app.goo.gl/dJrWgNAsfAqhZQzM6,,,,,,
,,Yes ,,,,,,,Binodia Family Park.Jahore Sadar,23.21739324,89.17464677,https://maps.app.goo.gl/nFc8uNn4G9GgcKpC6,Yes,,,,Yes ,
Yes ,,,,,,,,,Palbari Mor Bus stop,23.18038882,89.1943346,https://maps.app.goo.gl/gMNDJVv8M9gYcqoE8,,,,,,
,,,,,,,Yes,,Churamonkati n Jame Mosque,23.2187765,89.16418646,https://maps.app.goo.gl/CwqbfVFEsQBKnxZk7,,,,Yes,,
Yes ,,,,,,,,,Sheikh Rasel Chattar .Jashore Sadar,23.16518952,89.21161906,https://maps.app.goo.gl/jKnDxAiXAdCPR6jdA,,,,,,
,Yes ,,,,,,,,The Dental Surgery.Palbari,23.18179104,89.19406824,https://maps.app.goo.gl/cpMDNTzZSL8bip2z5,,,,,,
,,,,,,Yes,,,Jashore Filling Station,23.21160554,89.17110629,https://maps.app.goo.gl/Urgtc1GhXU8nnKcR7,Yes,,,,,
,,,,,,Yes,,,Shahidul Filling Station,23.20580656,89.17251373,https://maps.app.goo.gl/3jSNSUSHUPwy3SYE7,Yes,,,,Yes,
Yes ,,,,,,,,,Khairtola Bazar .Sadar .Jashore,23.18968051,89.18441054,https://maps.app.goo.gl/6Figw2r68Auhv9zB6,,,,,,Yes 
,Yes ,,,,,,,,Kaligang Bazar Road .Jhenaidha ,23.92411131,90.57000801,https://maps.app.goo.gl/muXeWfZLkPmEM7bF8,Yes ,,,,Yes ,
Yes ,,,,,,,,,Dulal Mondia Bazar.Kaliganj.Jenaidha,23.38383923,89.13812349,https://maps.app.goo.gl/LjmCZhcibaoZH9627,,,,,,
,,,,,,,Yes,,Dulal Mondia Baza Mosque r.Kaliganj.Jenaidha,23.38095153,89.13828801,https://maps.app.goo.gl/o3kDzpq1aRbJvRQE8,,,,,,
,,,,,,,Yes,,Bus Stand.Kaliganj.Jhenaidha,23.57137954,89.14815869,https://maps.app.goo.gl/jMsGYfx2vRqVU4JS6,,,,,,
Yes ,,,,,,,,,Baro Bazar Bus Stop.Kaliganj,23.42713064,89.14025997,https://maps.app.goo.gl/a13XEbVKT4adRmP4A,,,,,,
,,,,,,,Yes ,,Baro Bazar Bus Stop Mosque .Kaliganj,23.30265949,89.15303465,https://maps.app.goo.gl/TaNTBmwZbJ6nq1cj8,,,,,,
Yes ,,,,,,,,,Churanmonkathi Bus Stop.Sadar.Jashore,23.21832542,89.16494637,https://maps.app.goo.gl/2Mp1hYSc9H73gnNw5,,,,,,
,,,,,,,Yes ,,Hat Baro Bazar Mosque.Kaliganj,23.31133446,89.14912018,https://maps.app.goo.gl/aP1dV9BZ7C3HtwtF8,,,,,,
Yes ,,,,,,,,,Barinagar Bazar Public Toilet.jashore,23.25213303,89.165939,https://maps.app.goo.gl/NwitVsQHkRMNZUsM7,Yes ,,,,,
,,,,,,Yes ,,,   Hat Barobazar  petrol station .Jheanaidha ,23.31295331,89.14831624,https://maps.app.goo.gl/QksNhbcHYWCp9PPo8,,,,,,
Yes ,,,,,,,,,Barobazar Bus Stop.Kaliganj,23.30432836,89.1527795,https://maps.app.goo.gl/L8dKoiapg7vQMAdXA,,,,,,
,,,,,,,Yes ,,Rogunathpur bazar bus stop mosque.kaliganj,23.18353472,88.99012605,https://maps.app.goo.gl/vModmbeLAxDrYWMMA,,,,,,
,,,,,,,Yes ,,Katchandpur road. Notun bazar.kaliganj,23.4012985,89.13627096,https://maps.app.goo.gl/MxXQDMKSN6mutK9c8,,,,,,
Yes ,,,,,,,,,Kaliganj Bus terminal public toilet ,22.46226874,89.0323247,https://maps.app.goo.gl/fDNY8is4CcgVJQhr7,Yes ,,,,,
Yes ,,,,,,,,,Palbari bus station .jeshore,23.17982186,89.19445173,https://maps.app.goo.gl/RWMQuWC1Yb17iw15A,,,,,,
Yes ,,,,,,,,,Central bus terminal .Jhenaidha,23.54292183,89.19109957,https://maps.app.goo.gl/7MZUTQ5h9MnWetp69,Yes ,,,,Yes ,
,,,,Yes ,,,,,Hotel Day light .Jhenaidha,23.54250129,89.19083544,https://maps.app.goo.gl/TXD7bTCkjgKygukp7,,,,,,
,Yes ,,,,,,,,Jhenaidha eye hosopital ,23.54235872,89.1911035,https://maps.app.goo.gl/XuZZ4pBN1JdM6avZ7,,,Yes,Yes,Yes,
,Yes ,,,,,,,,Shishu Hospital .Jhenaidha,23.54164503,89.19238486,https://maps.app.goo.gl/fWXgc13RxPtTuwGWA,,,Yes,Yes,Yes,
Yes ,,,,,,,Yes ,,As sunnah trust mosque .Jhenaidha,23.54326128,89.18887077,https://maps.app.goo.gl/iSEzcQUTTbXV1oXy5,,,,,,
,Yes ,,,,,,,,Kachabazar .sadar.Jhenaidha,23.55036149,89.16723571,https://maps.app.goo.gl/XWaW5uKokXkAZJoYA,Yes ,,,,,
,,,,,,,,,Crescent Diagnostic Centre.Jhenaidha,23.54182738,89.17219312,https://maps.app.goo.gl/onZgXwHUXPV4G1WE9,Yes ,Yes,Yes,Yes,,
,,,,,,,Yes ,,Rooad and highway division mosque.Jhenaidha,23.54129621,89.17221457,https://maps.app.goo.gl/oBQ8ULejY8fUG2Vh9,,,,,,
,,,,,,,Yes ,,Ahle Hadis Jame Mosque .Jhenaidha,23.54470427,89.16960747,https://maps.app.goo.gl/E53hD7ZaCCBsyXsL6,,,,,,
,Yes,,,,,,,,Shamima Clinic .Sadar.Jhenaidha,23.54578723,89.16649433,https://maps.app.goo.gl/rDJJJSf9Zb5HtyZf8,,Yes ,Yes ,Yes ,,
,Yes,,,,,,,,Green Life hospital and diagnostic centre .Chuadanga,23.63594486,88.84819852,https://maps.app.goo.gl/qZisVyLLzriHQZeo6,Yes,Yes,Yes,Yes,Yes,
Yes ,,,,,,,,,Chuadanga Bus Stand public toilet,23.63728096,88.85959139,https://maps.app.goo.gl/TjsAuyCQdNtBdhKA6,Yes ,,,,,
,,,,,,,Yes ,,Central jame mosque.payra chattar,23.55040204,89.17245987,https://maps.app.goo.gl/6HL7t1pXXKMkF7pm6,,,,,,
,,,,,,,,Yes,Jhenaidha Sadar Thana,23.54663693,89.17401307,https://maps.app.goo.gl/Uxn3zaEx8V5Wt94h8,Yes ,Yes ,Yes ,,,
,,,,,,,Yes ,,Old collectorate  Mosque.Jhenaidha,23.54455665,89.17556877,https://maps.app.goo.gl/mjYU8EJSyUdy6uRV9,,,,,,
,,,,,,,Yes,,Kanchan nagar jame mosque.jhenaidha,23.54781551,89.18200042,https://maps.app.goo.gl/13DGkUYagHqhgmDy9,,,,,,
,Yes,,,,,,,,Jhenaidha Diabetic Hospital,23.53476247,89.16592209,https://maps.app.goo.gl/hUjaQjbFwKgSPmGQA,Yes,Yes,Yes,Yes,,
,,,,,,Yes ,,,Tamim Filling Station.Jhenaidha,23.51339208,89.16714631,https://maps.app.goo.gl/QqxhgizraNsL1Yzj8,Yes,,,,,
,,,,,,Yes ,,,Afroza Ali LPG filling station.Jhenaidha,23.50942335,89.16517608,https://maps.app.goo.gl/j6ZQVWAjLGUDcQPdA,,,,,,
Yes ,,,,,,,,,Feri Ghat.Noapara.Jashore,23.03623359,89.39474895,https://maps.app.goo.gl/BETtiNkm54LdX4Aj7,Yes,,,,,
,,,,,,,Yes ,,Noapara Jame Mosque.Jashore,23.03052588,89.39888133,https://maps.app.goo.gl/x4yGira8P2o1YZjD6,Yes,,,,,
,,,,,,,,Yes ,Baghe Jannat Hefozkhana.Khulna,23.02288979,89.40568532,https://maps.app.goo.gl/4Bguowhu2TFv3ewaA,,,,,,
,,,,,,,,Yes ,kalibari Market Mondir.Khulna,23.16555466,89.21270731,https://maps.app.goo.gl/FhaQaguMgB9PjjdV8,Yes,Yes,,,Yes ,
,,,,,,,Yes ,,Noorbug bus stand.Khulna,23.03086609,89.39843203,https://maps.app.goo.gl/Jzbw5r975L4dwfBG9,,,,,,
,,,,,,,,Yes ,Nowapara Pirsaheb Mazar,23.02561546,89.40305088,https://maps.app.goo.gl/7E8gr2EhKBp7yejN9,,,,,,
,,,Yes ,,,,,,LB Tower.Noapara,23.02843442,89.40077108,https://maps.app.goo.gl/6yUfkrjExqu5F1TGA,Yes,,,,,
,,,,,,,,,Razghat Carpating Jute Mill,23.00993558,89.42222589,https://maps.app.goo.gl/8BY5A3cRoD86boHb9,,,,,,
,,,Yes,,,,,,Hazi Idris Ali Super Market,23.02978004,89.39927821,https://maps.app.goo.gl/akXFU8AcnhL6AQbv5,Yes,,,Yes,Yes,
,,,,,,,,,Rajghat Jame Mosque.Jashore,23.00341951,89.42467488,https://maps.app.goo.gl/7peRnAK2MotYDR4Q8,,,,,,
,Yes ,,,,,,,,L.B. Hospital.Noapara,23.0284313,89.40111399,https://maps.app.goo.gl/neNX25WkH9ybnNxW7,,,,,,
,,,,,,,Yes,,Sahi Masjid.Noapara ,23.02637169,89.40281294,https://maps.app.goo.gl/j8kcW5z2ufjmEiAr8,,,,,,
,,,,,,Yes ,,,Religet Petrol Pump,22.88773937,89.51628308,https://maps.app.goo.gl/GbDQ95jLvvbEtR818,Yes,,,,,
,,,,,,,,Yes ,Janata Bank Khulna,22.82486744,89.55258993,https://maps.app.goo.gl/kvwSFs6PeYLyrjKn6,Yes,,,,,
,Yes,,,,,,,,Khulna Clinic,22.80986542,89.56706979,https://maps.app.goo.gl/XCWkZEZZM3sqY5NS9,Yes,,Yes,Yes,Yes,
,,,,,,,,Yes ,Noapara Mohashoshan Mondir.Khulna,23.04174251,89.38965688,https://maps.app.goo.gl/Hj1oZ5Zoh8LgZQRU9,,,,,,
,Yes ,,,,,,,,Rotary Medical and Hospital.Khulna,22.82639614,89.55011996,https://maps.app.goo.gl/31gSzRZhmusKcBPZ7,Yes ,Yes ,Yes ,Yes ,,
,,,,,,,,Yes ,Noapara Rotary Club,23.02310067,89.40564769,https://maps.app.goo.gl/5DbJFXgLJKKcjZmK9,,,,,,
Yes ,,,,,,,,,Sonadanga Bus Station,22.81629995,89.54179111,https://maps.app.goo.gl/tmSWPHm2kGuUkVLDA,Yes ,,,,,
,,,,,,Yes ,,,Rajghat LPG Filling Station,23.00026848,89.42859794,https://maps.app.goo.gl/AU9WmHDyK38xWVnQ8,,,,,,
,,,,Yes ,,,,,Muslim Hotel.Khulna,22.98222752,89.46226479,https://maps.app.goo.gl/NivLMgN6ZUfBYbn16,Yes ,,,,,
,,,,,,Yes,,,Fultola Filling Station.Khulna,22.979386,89.46277534,https://maps.app.goo.gl/3M5wKH6iTFXiKfiU8,,,,,,
,,,,Yes,,,,,Fultola Bus Station.Khulna,22.9743608,89.47478004,https://maps.app.goo.gl/xxKWpJZiU17KBSsY6,,,,,,
,,,,,,,Yes,,Fultola Bus Stand Jame Mosque,22.97364011,89.47505241,https://maps.app.goo.gl/SqD7m86nLkn1E6of7,,,,,,
,,,,,,Yes,,,Vuiya LPG Filling station.Fultola,22.97542728,89.4728463,https://maps.app.goo.gl/9D1XJt5AEeQ1NNoBA,,,,,,
,Yes,,,,,,,,Sardar Complex.Fultola.Khulna,22.97519886,89.47595427,https://maps.app.goo.gl/TTGFwYRUcNeeXKgZ9,Yes,,,,,
Yes ,,,,,,,,,Sonadanga Public Toilet.Khulna,22.819702,89.5410632,https://maps.app.goo.gl/YKaLsCS7s4CsVxNV9,,,,,,
,,,,,,Yes,,,Joy Petroleum and LPG filling station,22.78488769,89.55286905,https://maps.app.goo.gl/1pDqJQe4m43X5rzB7,,,,,,
,,,,,,,,,Sonadanga khulna,22.81677764,89.54295703,https://maps.app.goo.gl/ra3VsB1gnaqssRt29,,,,,,
,,,,,,Yes,,,Super Filling Station.fultola,22.9716114,89.4761314,https://maps.app.goo.gl/a3T8e6sDuLTapCA67,,,,,,
,,,,,,,Yes,,Fultola Thana Mosque.Khulna,22.9702136133251,89.47660349,https://maps.app.goo.gl/UN9fSVJiNUwecvqE8,,,,,,
,Yes,,,,,,,,Memorial Hospital.Khulna,22.82465444,89.53961661,https://maps.app.goo.gl/2AmiY8KGw9g8BuhNA,Yes,Yes,Yes,Yes,Yes,
,Yes,,,,,,,,A Gafur Memorial Hospital,22.96965842,89.47702027,https://maps.app.goo.gl/k3KuGyCZywGc1NpV9,Yes,,,,,
,,,,,,Yes,,,Green Fuel LPG .Khulna,22.94882431,89.47939458,https://maps.app.goo.gl/y28HGhMKGgycg8ui6,,,,,,
,,,,,,Yes,,,Mim Filling Station.Khulna,22.94421226,89.48223947,https://maps.app.goo.gl/NHabtUMoHJJZh3AdA,,,,,,
,,,,,,Yes,,,S.K Filling Station.Khulna,22.96785332,89.48941145,https://maps.app.goo.gl/Zf6ahxQzgsN5Xq1k8,,,,,,
Yes ,,,,,,,,,Fulbari Bus Stand.Khulna,22.89789837,89.51022899,https://maps.app.goo.gl/hgqFgVnmLedYL3CXA,Yes,,,Yes,,
,,,,,,,Yes,,Baitul Mamur Jame Mosque.Khulna,22.84186746,89.53208857,https://maps.app.goo.gl/rDZJreT8ttPsBKhL7,,,,,,
,,Yes,,,,,,,Jahanabad Cantonment Park.Khulna,22.92523467,89.49648384,https://maps.app.goo.gl/5AJ2itAYkT1rWxyy5,Yes,Yes,,Yes,Yes,
,,,,,,Yes,,,Morol Filling Station.Khulna,22.90879819,89.50703374,https://maps.app.goo.gl/EcsoWcJwVZg2RUq9A,,,,,,
,,,,,,,Yes,,Khulna City Model Mosque,22.83517012,89.54313646,https://maps.app.goo.gl/Vo3QMVgU5SaQ3cEx5,,,,,,
,,,,,,,,,M.S Filling Station.khulna,22.86598631,89.52869503,https://maps.app.goo.gl/uJcTSqKq59yhLMyt7,,,,,,
,Yes,,,,,,,,Maniktola Shurjer Hashi Clinic,22.8892055,89.51392871,https://maps.app.goo.gl/VYdWkSzLeADYXf298,Yes,,Yes,Yes,Yes,
Yes ,,,,,,,,,Daulotput Bus Stand.Khulna,22.86859008,89.52651333,https://maps.app.goo.gl/ZMPd1L8ds3ACeMX38,Yes,Yes,,,,
,,,,,,Yes,,,Sultana Filling Station.Khulna,22.88975274,89.51719908,https://maps.app.goo.gl/2HGb81KxRzpyj9ea6,,,,,,
,,,,,,Yes,,,Bengal Petrolium service.khulna,22.8432876,89.53888773,https://maps.app.goo.gl/xqQpYK4Tnpg2WGy37,,,,,,
,Yes,,,,,,,,The Great hospital.Khulna,22.9178607,89.50104901,https://maps.app.goo.gl/X7VGgP1ZyXz3zgS89,Yes,,Yes,Yes,,
,,,,,,Yes,,,Khulna Filling Station,22.8719478,89.5270947,https://maps.app.goo.gl/qYx76qSum47YUCAw8,Yes,,,,,
,,,,,,,Yes,,Textile Mill Jame Mosque.Boyra.Khulna,22.82644506,89.54869031,https://maps.app.goo.gl/fZrh5eNVaCPooX378,,,,,,
Yes,,,,,,,,,Mohespur Public Toilet,23.35685197,88.91443396,https://maps.app.goo.gl/xuEUCt4UocbsyGnw6,,,,,,
Yes,,,,,,,,,Chowgasha Bazar Public Toilet,23.29332043,89.01385796,https://maps.app.goo.gl/iYdNqoMdKRw65G248,,,,,,
,,,Yes ,,,,,,Dhoni plaza.Chowgacha,23.26288966,89.02030016,https://maps.app.goo.gl/R4rssWh91E1CFLKr8,,,,,,
Yes,,,,,,,,,Chowgasha Main Bus Stand,23.2627624,89.02036826,https://maps.app.goo.gl/RWAGrT4DzYXtqGJRA,,,,,,
,,,,,,,Yes,,Kadbila Pochimpara Jame Mosque,23.3476839,88.914641,https://maps.app.goo.gl/LY3wCk4SfG2HrpeE9,,,,,,
Yes,,,,,,,,,Bangladesh krishi bank public toilet.Jhenaidha,23.55464296,89.22472101,https://maps.app.goo.gl/qL3PbTbNpyaSEq51A,,,,,,
Yes,,,,,,,,,Mach Bazar .Mohespur,23.35591466,88.91466163,https://maps.app.goo.gl/1Zo6Nz4BbPRUkiLY8,,,,,,
,Yes ,,,,,,,,Pabma Lab Diagnostic Center.Mohespur,23.3622013,88.91276176,https://maps.app.goo.gl/VzeVgx4t9wxtNUXHA,Yes,,Yes,Yes,Yes,
Yes,,,,,,,,,Belemath Bazar.Mohespur,23.33833434,88.94352601,https://maps.app.goo.gl/EY8X2mZmwSYmgr1U6,,,,,,
,,,,,,,Yes,,Mohespur Bazar Jame Mosque ,23.35612283,88.91474888,https://maps.app.goo.gl/9meNjKW25yW2NYyo8,,,,,,
,Yes ,,,,,,,,Upazila Health Complex .Chowgasha,23.25975764,89.02490164,https://maps.app.goo.gl/yUBfmz9m7hUpn9HQ7,Yes ,Yes ,Yes ,Yes ,Yes ,
Yes,,,,,,,,,Zawtola Bazar .Chowgacha,23.32237748,88.96677016,https://maps.app.goo.gl/v2jh562GykUr1iPQA,,,,,,
,,,,,,,Yea,,Jhawtola Jame Mosque .Chowgacha,23.32221379,88.96648481,https://maps.app.goo.gl/kZJv98iHaQ2Jkr7W6,,,,,,
,Yes ,,,,,,,,Chowgacha Islami Hospital,23.26734378,89.0197431,https://maps.app.goo.gl/pYw25X5dFHapyC2F7,,,,,,
,,,,,,Yes ,,,Chowgacha Filling Station,23.2579004,89.03235117,https://maps.app.goo.gl/R4rVS2TkGquRaG7B6,Yes,,,,,
,,,,,,Yes ,,,Mina Filling Station.Chowgasha,23.24193428,89.0810044,https://maps.app.goo.gl/ZdfSy17fnuCKM3CQ6,Yes,,,,,
Yes ,,,,,,,,,Mohespur Bus Station,23.34500482,88.91227251,https://maps.app.goo.gl/1RGAsNhhEQZNsKUe6,,,,,,
,,,,,,,,Yes,Sri Sri Shib Mandir.Mohespur,23.35744632,88.91436304,https://maps.app.goo.gl/9fPaz6oPGCBqGwrt6,,,,,,
,,,,,,,Yes,,Koilaspur Jame Mosque ,23.34533956,88.91050421,https://maps.app.goo.gl/1rPBWGvj91pw9c9c6,,,,,,
,,,,,,Yes ,,,Kopotakkha LPG Gas Station,23.25896163,89.02759954,https://maps.app.goo.gl/mE41DLtFFMWUbAoe7,,,,,,
,,,,,,Yes ,,,M.K Fiilling Station.Rajapur,23.25251842,89.23441251,https://maps.app.goo.gl/EdE6NZpxyj4JfNV19,Yes ,,,,,
,Yes ,,,,,,,,Lebutola Health Complex,23.27243028,89.24362776,https://maps.app.goo.gl/vLJgqDKfMMd8tDoR9,Yes ,Yes ,Yes ,Yes ,Yes ,Yes 
,,,,,,,Yes ,,Khajura Atim Khana Jame Mosque,23.2666866,89.23602371,https://maps.app.goo.gl/5spBQvGQZshzmCzU8,,,,,Yes ,
,,,,,,,Yes ,,Monohorpur Mosque,23.23955039,89.23238588,https://maps.app.goo.gl/TX2vHrG5DwajxknU7,,,,,,Yes 
,,,,,,,Yes,,Khajura Bus Stand  Jame Mosque,23.2754792,89.25160159,https://maps.app.goo.gl/aarhkQuzs373fFPF7,,Yes,,,Yes,
,Yes ,,,,,,,,Rahim Private Hospital.Khajura,23.27570092,89.24909106,https://maps.app.goo.gl/UNofZx3d1TRsJGFq8,Yes,,Yes,Yes,Yes,
,Yes,,,,,,,,Maa General Hospital .Khajura,23.27566559,89.24911021,https://maps.app.goo.gl/HNKnLW5wAtiXyekf7,Yes,Yes,Yes,Yes,Yes,Yes
,,,,,,Yes ,,,Akbar Filling Station,23.22759,89.22986599,https://maps.app.goo.gl/6uw1zJy4DeMxq6qC7,Yes ,,,,,
,,,,,Yes ,,,,The Valley Eco Resort and Restaurant,23.2252117,89.22971825,https://maps.app.goo.gl/Qinh5qtt2xbbZegj7,Yes,,,,Yes,
,Yes,,,,,,,,Khajura Clinic,23.27538413,89.25135591,https://maps.app.goo.gl/t4jQkQVsP3B3tTJYA,Yes,Yes,Yes,Yes,Yes,Yes
Yes,,,,,,,,,New Market Public Toilet.Jashore Sadar,23.17701711,89.21424577,https://maps.app.goo.gl/2R29DBm2FZXJAeYu7,Yes,,,,,Yes
,,,,,,,,Yes,Hanif Enterprize Bus stop.Jashore Sadar,23.17775176,89.21427314,https://maps.app.goo.gl/aavuVpZfrZrj4vNZ9,Yes ,,,,,
,,,,,,Yes,,,Uposohor Filling Station.Jashore,23.18261552,89.21432218,https://maps.app.goo.gl/yeKEsK5Y3kbTBGNu7,,,,,,
,,,,,,,Yes,,Kismat Nowapara Mosque.Jashore,23.18285113,89.21375542,https://maps.app.goo.gl/UJnxPXdXXnKXRCMZ8,,Yes,,Yes,,
,,,,,,,,Yes,Grameenbank.Jashore,23.18146165,89.19355161,https://maps.app.goo.gl/QUBkxaXqusbudmzX7,,,,,,
,,,,,,Yes,,,Rojonigandha Filling Station ,23.18984713,89.21423007,https://maps.app.goo.gl/kgGCuz3JAtdvnyBe8,Yes,,,,Yes,
,,,,,,,,Yes,Buro Bangladesh,23.1942527,89.21447099,https://maps.app.goo.gl/uFhVG1cnMiP6d4au9,Yes,,,,,
,,,,,,Yes ,,,Semco LPG Filling Station,23.19398111,89.2151838,https://maps.app.goo.gl/qXTsh2YgfVLSYSYY6,Yes ,,,,,
,,,,,,,,,Uposahar Teacher Training College,23.17991346,89.19492357,https://maps.app.goo.gl/5CiPB8ZgFHaQrd276,,,,,,
,,,,,Yes,,,,Caf� Green City,23.21401589,89.22451883,https://maps.app.goo.gl/SoT4c1DyvWeHayg3A,Yes,,Yes,,Yes,Yes
Yes ,,,,,,,,,Arpara Bazar,23.3757354,89.37259691,https://maps.app.goo.gl/e7Wj6cyFu9pTPEg77,Yes,,,,Yes,Yes
,,,,,,Yes,,,Sadia Filling Station.Magura,23.38828896,89.36940532,https://maps.app.goo.gl/WsrPNy3f9y1Avsbh8,Yes,,,,Yes,Yes
,,,,,,,Yes,,Shimakhali Central Mosque,23.34003445,89.3188057,https://maps.app.goo.gl/TAN3JwVZG6KD51Tx6,Yes ,,,,,
,,,,,,Yes,,,M/S Motin Filling Station.Magura,23.32249008,89.31435428465745,https://maps.app.goo.gl/bnwrCf58WogpB9Jn8,Yes,,,,,
,,,,,,,Yes,,Jagla Jame Mosque.Jashore road,23.40621292,89.39441515,https://maps.app.goo.gl/mPW6TFJv5TmV5DSH6,,,,,,
,,,,,,,,Yes,Jagla Mondir,23.40708809,89.391735,https://maps.app.goo.gl/HjLRhaZeKnw9Ae847,,,,,,
,,,,,,Yes ,,,M/S Taher petrol station.Khajura,23.27601737,89.25711179,https://maps.app.goo.gl/FYExY9FyZAYCYj4YA,Yes ,Yes ,,,Yes ,Yes 
,,,,Yes ,,,,,Ghorer Saad Hotel and Restaurant.Shimakhali,23.32630913,89.31740488,https://maps.app.goo.gl/WW3KNMRsdUWXvWpF8,,,,,Yes ,Yes 
,,,,,,,Yes ,,Upazila Central Mosque.Shalikha,23.30233011,89.37581367,https://maps.app.goo.gl/vtxjXUW8vWKCV6eb7,,Yes,,,,Yes 
,Yes ,,,,,,,,Arpara Sub Health Center.Salikha.Magura,23.37149245,89.36858358,https://maps.app.goo.gl/7vFPYno24526EUem9,Yes,Yes,Yes,,Yes,Yes
,Yes,,,,,,,,Bandabila Union Parishad.Khajura,23.28177142,89.26590845,https://maps.app.goo.gl/1fojSGQ81mvF7Uaa8,Yes,Yes,Yes,Yes,Yes,Yes
,,,,,,Yes,,,M/S Khajura fillingStation,23.27678502,89.25727955,https://maps.app.goo.gl/ro3dU4r1c9gS6qvk7,Yes,Yes,,,Yes,Yes
,,,,,,,,Yes,Shohag Paribahan Bus Counter.Khajura,23.27537999,89.25232548,https://maps.app.goo.gl/SNeuwsg2VwSGrVBZ6,Yes,,,,Yes,Yes
,,,,,,,Yes ,,Arpara Jame Mosque.Magura,23.38874764,89.3683978,https://maps.app.goo.gl/hEDK8x2bswdKbE7u9,,,,,,
,,,,,,,Yes ,,Arpara Jamia Islamia Madrasha Mosque.Shalikha,23.37174181,89.36920381,https://maps.app.goo.gl/FZ8vUgnrXMgv2sf27,,,,,,
,,,,,,Yes,,,L.P.G Gas Station .Sadipur,23.29456121,89.28230966,https://maps.app.goo.gl/qttgBaLBoYixXNWC8,Yes,,,,Yes,Yes
,,,,,,,Yes ,,Biswas Para Jame Mosque.Senenderpur,23.28269066,89.27725859,https://maps.app.goo.gl/j2DANPEJoa6S1E7m9,,,,,,
,,,,,,Yes ,,,Mobarak Ali  fIlling Station.Magura ,23.33198939,89.314707,https://maps.app.goo.gl/EwQaJrHetgZm7aTg9,Yes ,,,,Yes ,Yes 
Yes ,,,,,,,,,Puler Hat Bazar .Jashore,23.3068916,89.29663762,https://maps.app.goo.gl/PsJREXhHRXZBpjzo9,Yes ,,,,Yes ,Yes 
,,,,Yes,,,,,Hotel Mondal International Residential.Magura,23.4855922,89.4191968,https://maps.app.goo.gl/ZZZGmLDC817jj4ns7,Yes,,Yes,,Yes,Yes
,,,,,,Yes,,,Ma Fatema Filling Station.Magura,23.47402578,89.41544276,https://maps.app.goo.gl/gqrjwy8BWxS4Jd3u7,,,,,,
,,,,,,,Yes ,,Katakhali Bus Stand Jame Mosque.Magura,23.44758558,89.40978943,https://maps.app.goo.gl/wsSaWc9ChjYTEHVw6,,,,,,
Yes ,,,,,,,,,Natun Bazar .Magura,23.49466079,89.41453047,https://maps.app.goo.gl/3yxE7fVZx4ent3tf6,Yes ,,,,,
,,,,,Yes ,,,,Jhontu Hotel and Restaurant .magura,23.52140833,89.42014817,https://maps.app.goo.gl/sKvEfJvi41NVKbz4A,,,,,,
Yes,,,,,,,,,Magura Public Toilet,23.48848516,89.4287666,https://maps.app.goo.gl/4SpQU1GLcX5bZZD76,Yes ,,,,,
Yes,,,,,,,,,Central Bus Terminal.Magura,23.49702612,89.43302803,https://maps.app.goo.gl/2Dgekannko48zoDz8,Yes,,,,,
,,,,,,,Yes ,,Sheikhpara Jame Mosque.Magura,23.49253545,89.43040885,https://maps.app.goo.gl/9FcHCBLaCPvensGP9,,,,,,
,,,,,,,Yes ,,Dhaka Road Jame Mosque.Magura,23.48598278,89.42411544,https://maps.app.goo.gl/2PLojxFMcf9iSgLT8,,,,,,
,,,,,,,,Yes,Magura Kalibari Mondir,23.49536159,89.4144782,https://maps.app.goo.gl/CjLjQ6pdWF4bU7AN7,Yes,,,,,
,,,,,,,,Yes,Beltola Mondir.Natun Bazar,23.49273647,89.41406182,https://maps.app.goo.gl/qjCRdvyNnLqANH638,Yes,,,,,
,,,,,,Yes,,,Arafat Filling Station.Magura,23.42343034,89.40337204,https://maps.app.goo.gl/ir1whSjqbqtvrNf9A,Yes ,,,,,
,,,Yes ,,,,,,Kazi Tour .Magura,23.49159205,89.42097016,https://maps.app.goo.gl/PBn4XJJ546c2DLK5A,,,,,,
,,,,,,Yes ,,,Monir LPG Filling Station .Magura ,23.42941881,89.40375818,https://maps.app.goo.gl/wCC11ZVPBjyL1Jab6,Yes ,,,,,
,,,,,,Yes ,,,Magura LPG Station,23.47800807,89.41585716,https://maps.app.goo.gl/7wXacYLWRBdjrff4A,Yes ,,,,,
,,,,,,,Yes,,Bepari Para Jame Mosque.Magura,23.49088469,89.42926288,https://maps.app.goo.gl/QrhDHV65pHrf7ePh6,,,,,,
,,,,,,,Yes,,Terminal Jame Mosque.Magura ,23.49816033,89.43239848,https://maps.app.goo.gl/bDcinFgXkwxwM1KSA,,,,,,
,,,,,,Yes ,,,M/S Hanif Filling Station.Magura,23.49731007,89.43340796,https://maps.app.goo.gl/Qv2DyhuBXhJLg8Y58,Yes ,,,,,
,,,,Yes ,,,,,Hotel Saikat Residential.Magura,23.48873814,89.42859569,https://maps.app.goo.gl/kvBLdkaCd7LErRJE9,Yes ,,Yes ,,Yes ,Yes 
,,,,,Yes ,,,,Ratan Hotel and Restaurant.Magura,23.4880441,89.428279,https://maps.app.goo.gl/pXAmAiSgvfSETJeg8,,,,,,
,,,Yes ,,,,,,Khandakar Plaza.Magura,23.49129007,89.42083239,https://maps.app.goo.gl/3TMWAqUiBbUoF3VF8,Yes,,,,,
,,,,,,Yes ,,,Saleha LPG Station.Magura,23.38557981,89.37640782,https://maps.app.goo.gl/yD4YKgfrjEfB9akE7,Yes ,,,,,
,,,,,,,Yes ,,Govt. H.S.S College Jame Mosque.Magura,23.49002901,89.42012299,https://maps.app.goo.gl/4mVRhvLHNUVDrfMR7,,,,,,
,,,,,,,Yes ,,Nomani Maidan.Magura,23.49214895,89.42098189,https://maps.app.goo.gl/KEZJwhHkWbcmfVy56,,,,,,
,,,,,,,Yes ,,Vaina Central Jame Mosque .Magura,23.47841124,89.41658798,https://maps.app.goo.gl/ESdikqRBUm5sRYjRA,,,,,,
,,,,,,,Yes ,,Upazila Model Mosque.Magura,23.47357902,89.41473185,https://maps.app.goo.gl/SsVGHcgWcuDHJZyq6,,,,,,
,,,,,,,Yes ,,Sheikhpara Jame Mosque.Magura,23.49258465,89.43050541,https://maps.app.goo.gl/9FcHCBLaCPvensGP9,,,,,,
,,,,,,Yes ,,,M/S Nahar Petrolium Service.Magura,23.49903389,89.43345583,https://maps.app.goo.gl/ahEYTr6jZ5vcUR47A,Yes ,,,,,
,,,,,,,Yes ,,Kodalia Bazar Jame Mosque.Magura,23.26388565,89.23954016,https://maps.app.goo.gl/SPLzFd5X66hPv8wMA,,,,,,
,,,,,,Yes ,,,Siddik Filling Station.Magura,23.25089237,89.23279301,https://maps.app.goo.gl/2ZYCePr41KTLb7LQ6,Yes ,Yes ,,,Yes ,
,Yes ,,,,,,,,Magura Sadar Hospital,23.55508655,89.40239394,https://maps.app.goo.gl/jPJfg33n1fM2o36p8,Yes ,,Yes ,,Yes ,Yes 
,Yes ,,,,,,,,Peatless Hospital.Magura,23.4863595,89.42101404,https://maps.app.goo.gl/PRzPGBpHcjWyqUp8A,Yes ,Yes ,Yes ,,Yes ,Yes 
Yes ,,,,,,,,,Vaina Mor.Magura,23.4858822,89.41888975,https://maps.app.goo.gl/xDDJpMJzkLfvoJeN9,Yes ,,,,,
,,,,,Yes,,,,Hotel Hamuna Residencial.Maugura,23.48576408,89.41843914,https://maps.app.goo.gl/JegRjhvt31sbiD1N9,Yes,,Yes,,Yes,Yes
,,,Yes,,,,,,Nuejahan Plaza.Magura,23.49105877,89.42193414,https://maps.app.goo.gl/8YsH45RviMaAB9cU9,Yes,,,,,Yes
,,,,Yes ,,,,,Hotel Chourangi.Magura,23.49199031,89.42097813,https://maps.app.goo.gl/PzqE483b2CsiDmKH7,Yes ,,Yes ,,Yes ,Yes 
,,,,,,Yes,,,Vaina Mor .Magura,23.48560253,89.41906116,https://maps.app.goo.gl/nzgfAYsxozdoLZ9i7,Yes ,,,,,
Yes,,,,,,,,,Natun Bazar Public Toilet .Magura,23.49442244,89.41459184,https://maps.app.goo.gl/GmW38MK2E5K8NXzFA,Yes,,,,,
,,,,,Yes,,,,Nujan Restaurant ,23.13835885,89.25056275,https://maps.app.goo.gl/Gk2peBhKG9DUXdTb8,Yes,,,,Yes,
,,,,,,,Yes,,Bottola Jame Mosjid,23.01452391,89.23483615,https://maps.app.goo.gl/K5myb5qhT9iFM9iLA,,,,,,
,Yes,,,,,,,,Manirampur Central Hospital ,23.01018457,89.23481437,https://maps.app.goo.gl/Ta4ZAsKAr7V2pgwM9,Yes,,Yes,,,
,Yes,,,,,,,,Manirampur Nursing Home and Diagnostic Center ,23.01572669,89.23418828,https://maps.app.goo.gl/FXnUzndPHeYPpwk46,Yes,,Yes,,,
,,,,Yes,,,,,Gaji Hotel ,23.12110557,89.2476905,https://maps.app.goo.gl/TZdoiksmUCAkgQav9,,,,,,
,,,,,,,Yes,,Kuada School and College ,23.09013008,89.2353335,https://maps.app.goo.gl/ofLjNLMaxEXDgMiN6,,,,,,
,,,,,,,Yes,,Chalkidanga Bajar Jame Mosjid ,23.0647319,89.23146242,https://maps.app.goo.gl/ChwcF8CyJuTEmBp56,,,,,,
,,,,,,,Yes,,Sarder Bari Masjid ,23.01854493,89.233591,https://maps.app.goo.gl/ThZAAp7RFayw8t6E8,,,,,,
,,,,,,,Yes ,,Manirampur Central Jame Masjid ,23.02355422,89.23294187,https://maps.app.goo.gl/idb7pw1VKgxF15he6,,,,,,
,,,,Yes ,,,,,Keya Hotel and Restaurant,23.16832756,89.24781792,https://maps.app.goo.gl/FtUCDDCiUqBhbnNE9,,,,,,
,Yes,,,,,,,,Aftab Munsi Medical Center,23.01452376,89.23445989,https://maps.app.goo.gl/SvgkkQD4nR2DY6hk7,,,,,,
,,,,,,Yes ,,,G.N Filling Station ,23.03611448,89.23223475,https://maps.app.goo.gl/jMx9JsPtB5FCto5w6,,,,,,
Yes ,,,,,,,,,Shundalpur public toillet ,22.98757948,89.2315469,https://maps.app.goo.gl/K2T6xBj1AnW11q5BA,,,,,,
,,,,,Yes ,,,,Takiya hotel and Restaurant ,23.13895288,89.25048186,https://maps.app.goo.gl/isWULqipc7duNayt5,,,,,,
,,,,,,,Yes ,,Shundalpur Jame Masjid ,22.98734955,89.23162351,https://maps.app.goo.gl/CcLeFHkqpoaHLLHC6,,,,,,
,Yes ,,,,,,,,Upazila Health Complex .Manirampur ,23.00900469,89.23530132,https://maps.app.goo.gl/nKkHdrN2K9mX8ART8,Yes,,Yes,Yes,Yes,
,,,,,,,Yes,,Kamalpur Kendrio Jame Masjid ,23.17805017,89.25268397,https://maps.app.goo.gl/8b5G4g2ahGgaHzkg7,,,,,,
,,,,,,,Yes ,,Kuada Bazar Central Jame Mosque ,23.15003256,89.24443542,https://maps.app.goo.gl/up3YLFY4qPfTPfPf6,,,,,,
,,,,,,Yes ,,,Manirampur Filling Station ,23.03616648,89.23136496,https://maps.app.goo.gl/k2PtwTFnJuLgg5qMA,,,,,,
,,,,,,Yes ,,,Amin Petrolium ,23.13893654,89.25002602,https://maps.app.goo.gl/fSNjkbP1tm7rNiam9,Yes ,,,,,
,,,,,,,Yes ,,gorur hat mosque .manirampur  ,23.02914068,89.23176412,https://maps.app.goo.gl/6HXwCiSCG4sVP5TLA,,,,,,
,,,,,,,Yes ,,Baitul Aman Jame Masjid ,23.13538382,89.24860841,https://maps.app.goo.gl/qyNBNcCZxo7RVkd4A,,,,,,
,,,,,,,Yes ,,Keshabpur Central Jame Masjid ,22.90817293,89.21933317,https://maps.app.goo.gl/J8cczWnNxCWKeutP9,Yes ,Yes ,,,,
,,,,,,,,Yes ,Chinatola Govt. Primary School ,22.95567027,89.23003675,https://maps.app.goo.gl/nxGo8ps2WZGSGkze8,,,,,,
,,,,,,,,Yes ,Markajul Elom Ulom Madrasa ,23.45163499,88.90087049,https://maps.app.goo.gl/tTmB8SUvsbh9njT16,,,,,,
,,,,,,,Yes ,,Kashabpur autogas station ,22.92279468,89.21876372,https://maps.app.goo.gl/BByRQiESjHE68DL47,,,,,,
,,,,,,,,Yes ,Madhuakul govt. primary school.Kashabpur ,22.93634853,89.22322682,https://maps.app.goo.gl/PPnrt7jyXTDTzuJf9,Yes ,,,,Yes ,
,,,,,,,,Yes ,Suddalpur walia mohila madrasa ,22.92900454,89.21722686,https://maps.app.goo.gl/RpzJHhKumi3UhX2bA,Yes ,,,Yes ,,
,,,,,,,Yes ,,Laudi central mosque ,22.97491429,89.2283072,https://maps.app.goo.gl/B48bXsH5x99Xh4SN7,,,,,,
,,,,,,,,Yes,Dolighati Sundalpur Alia Madrasa,23.00126584,89.23815272,https://maps.app.goo.gl/uAjsJFgFQAcA5BKq9,,,,,,
,,,,,,,,Yes,Ulama nagar girls madrasa.manirampur ,23.00549644,89.26763667,https://maps.app.goo.gl/zWoj6FBzmbLahtbH9,Yes ,,,Yes ,,
,,,,,,,Yes ,,Madhyakul uttarpara baitus salam jame masjid ,22.9304709,89.21963346,https://maps.app.goo.gl/75unZiCwqwCswXBV8,,,,,,
,,,,,,,Yes ,,Aminpur Central Mosque ,23.91679377,89.62297508,https://maps.app.goo.gl/Atude551GtQUcwod8,,,,,,
,,,,,,,,Yes ,Aminpur Hafizia Madrasha ,22.9630656,89.23000211,https://maps.app.goo.gl/ErFFXEZtjfzY5EBB6,,,,,,
,,,,,,,,Yes ,Ramnagar Govt. Primary School,23.51835372,89.31337196,https://maps.app.goo.gl/9LTPQL1gcYGYpBT48,Yes ,,,,Yes ,
,,,,,,,,Yes ,Keshabpur pailot girls high  school ,22.90906534,89.22372734,https://maps.app.goo.gl/6JgzBhDcKcLTMdNdA,Yes ,,,,Yes ,
,,,,,,Yes ,,,M.V Filling Station ,22.90658304,89.22117618,https://maps.app.goo.gl/jF4qAiToPzHPbQhV7,Yes ,,,,,
,,,,,,,Yes ,,Utttorpara Jame Masjid .Noapara,22.79463885,89.22478408,https://maps.app.goo.gl/HHMBniv3MKF7DnBb6,,,,,,
,,,,,,Yes ,,,Nahar L.P.G Autogas.Fatepur,22.80086132,89.23045953,https://maps.app.goo.gl/4vyV1yLVSrhNuYrM6,,,,,,
,Yes,,,,,,,,Janata private hospital .chuknagar ,22.83747695,89.29163873,https://maps.app.goo.gl/MSXUXuSyBKWTcfEA7,Yes ,Yes ,,,,
,Yes,,,,,,,,Chuknagar Medical and diagnostic center.chuknagar ,22.83591511,89.29106538,https://maps.app.goo.gl/KXNZLoKDtXnLjao57,,,,,,
,,,,,,,Yes ,,Keshabpur wapda jame mosque ,22.90566916,89.21970409,https://maps.app.goo.gl/SeQhHotsQ5sbtZ1R8,,,,,,
,,,,,,,Yes ,,Mangalcoat Bazar Bus Stand ,22.86286689,89.25721313,https://maps.app.goo.gl/G1aWDMpuqsKzwKRK8,,,,,,
Yes ,,,,,,,,,Chuknagar Bus Station ,22.84389485,89.2894219,https://maps.app.goo.gl/CTpLEQYGuZGhrpF59,,,,,,
,,,,,,,Yes ,,Kumira Bus Stand Bazar Masjid ,22.77058389,89.17244552,https://maps.app.goo.gl/Mrrzh2VGyzW9wgRM7,,,,,,
,,,,,,Yes ,,,Sapla Filling Station .Mirzapur Bazar,22.77913312,89.20270698,https://maps.app.goo.gl/tsoFKQGV9mQ3PQEe9,Yes ,,,,,
,,,,,,,,Yes ,Sagota Clinic .patkelghata ,22.76567573,89.16682997,https://maps.app.goo.gl/pxuFLk28sXNeWh7R8,,,,,,
,,,Yes ,,,,,,Badhon Shopping Complex .patkelghata ,22.76500719,89.16394205,https://maps.app.goo.gl/Tm7oLVgFbeZXqD3cA,Yes ,,,,Yes,
,,,,,,,Yes ,,Patkelghata Al Amin Fazil Madrasha Mosque ,22.76630485,89.16276818,https://maps.app.goo.gl/aVY5bU7m4JT8LTyr6,,,,,,
Yes,,,,,,,,,Overbridge patkelghata .satkhira ,22.76505428,89.16768299,https://maps.app.goo.gl/5AxY46cqaZD74Gvt8,,,,,,
,,,,,,,Yes ,,Kumira .Kadomtola mor,22.77076445,89.17807528,https://maps.app.goo.gl/CWLCbXNt9meLPKwGA,,,,,,
,,,,,,,Yes ,,Mirzapur Bazar Masjid ,22.78022653,89.20395831,https://maps.app.goo.gl/cG5DnsJc9FwTuXE88,,,,,,
,,,,,,Yes,,,Madhina filling station ,22.78876609,89.21778169,https://maps.app.goo.gl/M81saGHAbkqB1NMy9,Yes ,,,,,
,,,,,,,Yes ,,Noapara  Bazar jame mosque ,22.79313766,89.22301732,https://maps.app.goo.gl/PHeK5oQj5rbeoqwG9,,,,,,
Yes ,,,,,,,,,Satkhira Bus Terminal ,22.72390975,89.0668296,https://maps.app.goo.gl/7UUyLjY9j6JsLWJE8,,,,,,
,,,,,,,,Yes ,Brac office satkhira ,22.72767942,89.06495319,https://maps.app.goo.gl/89DankzpNtRypfNh9,Yes ,,,,,
,,,,,,,Yes ,,Magura Taltola C.Q.B Jame Mosque ,22.70631396,89.06900132,https://maps.app.goo.gl/NDdKG8H1Lf3B8wfu9,,,,,,
,,,,,,,,Yes ,Satkhira technical training centre ,22.73534235,89.08638983,https://maps.app.goo.gl/9UktAseCAA9WNtS36,Yes ,,,,,
,,,,,,,Yes ,,Narkeltola Jame masjid ,22.72392999,89.07634413,https://maps.app.goo.gl/X3cvN4axXezHaTM87,,,,,,
,Yes ,,,,,,,,Sadar Hospital .Satkhira ,22.72251447,89.068737,https://maps.app.goo.gl/Amo5kdh6NVzhHG5T6,Yes ,,,,,
,Yes ,,,,,,,,Sapna clinic and diagnostic center.Satkhira ,22.72172273,89.067715,https://maps.app.goo.gl/uybCU9MsdD8aSsCv6,Yes,,,,,
,,,,,,,Yes ,,Zilla Parishad Jame Masjid ,22.72954015,89.06478599,https://maps.app.goo.gl/6KqEuUZVb8Luu8P46,,,,,,
,Yes ,,,,,,,,Shishu sasthya foundation.Satkhira  ,22.72815067,89.06587688,https://maps.app.goo.gl/j1pwy4p9KWsHsMv18,,,,,,
,,,,,,,Yes ,,Satkhira sadar aminia mosque,22.72504794,89.06672444,https://maps.app.goo.gl/Ztkp9yPJHSYkynC96,,,,,,
,Yes ,,,,,,,,Heart Foundation .satkhira ,22.72210188,89.06982029,https://maps.app.goo.gl/nMQPr8f7gS1JjYkg9,Yes ,,,,Yes ,
,,,,,,,,Yes ,Taltala standard Secondary School.Satkhira ,22.73597104,89.0863729,https://maps.app.goo.gl/mMFUmvY7xq4kqmGUA,Yes ,,,,,
,Yes ,,,,,,,,C.B Hospital limited,22.72280565,89.07265781,https://maps.app.goo.gl/oExD7SDT8vYdd38y5,Yes,,,,Yes,
,,,,,,Yes,,,Lashkar Filling station ,22.76075614,89.04835764,https://maps.app.goo.gl/bLc7CyyQ4RNNjEVr9,,,,,,
,,,,,,,,Yes ,Harun OR Rashid degree college .sathkhira ,22.7689214,89.15621123,https://maps.app.goo.gl/Ruqcn9jGVmFGKRaGA,Yes ,,,,,
,,,,,,,,Yes ,Patkelgata AL Amin Fazil Madrasha ,22.76620592,89.16320807,https://maps.app.goo.gl/aVY5bU7m4JT8LTyr6,Yes ,,,,,
,Yes ,,,,,,,,Digital Diagnostic center and CT scan center.satkhira ,22.76624549,89.16290766,https://maps.app.goo.gl/aVY5bU7m4JT8LTyr6,Yes ,,,,,
,,,,,,,Yes ,,Ahsania Jame Mosque .Satkhira ,22.51313885,89.01806449,https://maps.app.goo.gl/KxiPDy44Gw1EormKA,,,,,,
,Yes ,,,,,,,,Satkhira Childrens Hospital,22.73073155,89.06389527,https://maps.app.goo.gl/ojzoDwy7uzT9rZAr8,Yes ,,,,Yes ,
,,,,,,,Yes ,,L.G.E.D Satkhira ,22.72641443,89.06589124,https://maps.app.goo.gl/aJhpZPyMsaKJx2iV9,,,,,,